{"cameraMode":{"drawMode":0,"name":"Shaded","section":"Shading Mode"},"sceneLighting":true,"audioPlay":false,"sceneViewState":{"showFog":true,"showMaterialUpdate":false,"showSkybox":true,"showFlares":true,"showImageEffects":true,"showParticleSystems":true},"in2DMode":false,"pivot":{"x":0.6558223962783814,"y":3.173036575317383,"z":-3.6805191040039064},"rotation":{"x":0.0019937267061322929,"y":0.896486759185791,"z":-0.443047434091568,"w":0.004034216981381178},"size":63.949398040771487,"orthographic":false}